{
  "sections": {
    "main": {
      "type": "blog",
      "settings": {
        "default_color": "accent",
        "blog_style": "photo",
        "post_columns": 3,
        "image_aspect_ratio": 0.8,
        "show_rss_icon": false,
        "show_date": true,
        "show_author": true,
        "show_tags": true,
        "show_comments_count": false,
        "tag_alignment": "center",
        "bg_color_secondary": false,
        "padding_top": 60,
        "padding_bottom": 60
      }
    }
  },
  "order": [
    "main"
  ]
}