{
  "sections": {
    "hero": {
      "type": "collection-image-with-title",
      "settings": {
      }
    },
    "subcollections": {
      "type": "subcollections",
      "settings": {
      }
    },
    "main": {
      "type": "collection",
      "blocks": {
        "promo-0": {
          "type": "promo",
          "settings": {
            "width": "half"
          }
        },
        "promo-1": {
          "type": "promo",
          "settings": {
            "width": "auto"
          }
        },
        "promo-2": {
          "type": "promo",
          "settings": {
            "width": "full"
          }
        }
      },
      "block_order": [
        "promo-0",
        "promo-1",
        "promo-2"
      ],
      "settings": {
      }
    }
  },
  "order": [
    "hero",
    "subcollections",
    "main"
  ]
}