{
  "sections": {
    "section-slideshow-0": {
      "type": "section-slideshow",
      "blocks": {
        "section-slideshow-0-block-0": {
          "type": "image",
          "settings": {
            "overlay_opacity": 10,
            "text_width": "wide",
            "text_position": "center",
            "text_alignment": "text-center",
            "text_color": "text-light",
            "subheading": "Introducing",
            "title": "<p>Welcome to <em>Palo Alto</em></p>",
            "heading_highlight_type": "underline-hand-drawn",
            "highlight_color": "#ffffff",
            "highlight_text_color": "#ffffff",
            "text": "Add more info or delete this text",
            "stacked_button": false,
            "button_1_text": "Shop All",
            "button_1_link": "shopify://collections/all",
            "button_1_color": "btn--primary",
            "button_1_style": "btn--solid",
            "button_1_size": "btn--large",
            "button_2_text": "Learn More",
            "button_2_link": "",
            "button_2_color": "btn--secondary",
            "button_2_style": "btn--solid",
            "button_2_size": "btn--large",
            "video_text": "",
            "video_link": ""
          }
        },
        "section-slideshow-0-block-1": {
          "type": "image",
          "settings": {
            "overlay_opacity": 10,
            "text_width": "narrow",
            "text_position": "left",
            "text_alignment": "text-center",
            "text_color": "text-light",
            "subheading": "Introducing",
            "title": "<p>Welcome to <em>Palo Alto</em></p>",
            "heading_highlight_type": "underline-hand-drawn",
            "highlight_color": "#ffffff",
            "highlight_text_color": "#ffffff",
            "text": "Add more info or delete this text",
            "stacked_button": true,
            "button_1_text": "Shop All",
            "button_1_link": "shopify://collections/all",
            "button_1_color": "btn--primary",
            "button_1_style": "btn--solid",
            "button_1_size": "btn--large",
            "button_2_text": "Learn More",
            "button_2_link": "",
            "button_2_color": "btn--secondary",
            "button_2_style": "btn--solid",
            "button_2_size": "btn--large",
            "video_text": "",
            "video_link": ""
          }
        }
      },
      "block_order": [
        "section-slideshow-0-block-0",
        "section-slideshow-0-block-1"
      ],
      "settings": {
        "slide_height": "seven-fifty-height",
        "enable_mobile_height": true,
        "mobile_slide_height": "seven-fifty-height-mobile",
        "show_nav_dots": true,
        "show_nav_arrows": false,
        "show_arrow_down": false,
        "autoplay": true,
        "duration": 4,
        "transition": "zoom-out",
        "enable_zoom_animation": true,
        "enable_card_scrolling": true,
        "increase_border_radius": true,
        "heading_size": 160
      }
    },
    "section-countdown-0": {
      "type": "section-countdown",
      "blocks": {
        "section-countdown-0-block-0": {
          "type": "subheading",
          "settings": {
            "text": "<p>Countdown is on</p>",
            "size": 75
          }
        },
        "section-countdown-0-block-1": {
          "type": "heading",
          "settings": {
            "text": "<p>Shop Before It Ends</p>",
            "size": 120,
            "heading_highlight_type": "italics",
            "highlight_color": "#d43747",
            "highlight_text_color": "#000000"
          }
        },
        "section-countdown-0-block-2": {
          "type": "timer",
          "settings": {
            "end_date": "2024-12-31",
            "end_time": "11:59",
            "period": "am",
            "end_message": "",
            "size": 115,
            "bg_color": "",
            "bg_opacity": 100,
            "text_color": "text-dark"
          }
        },
        "section-countdown-0-block-3": {
          "type": "button",
          "settings": {
            "button_1_text": "Shop the sale",
            "button_1_link": "shopify://collections/all",
            "button_1_color": "btn--black",
            "button_1_style": "btn--text",
            "button_1_size": "btn--large",
            "button_2_text": "",
            "button_2_link": "",
            "button_2_color": "btn--black",
            "button_2_style": "btn--solid",
            "button_2_size": "btn--small"
          }
        }
      },
      "block_order": [
        "section-countdown-0-block-0",
        "section-countdown-0-block-1",
        "section-countdown-0-block-2",
        "section-countdown-0-block-3"
      ],
      "settings": {
        "layout_style": "inline",
        "text_alignment": "center",
        "height": "150",
        "enable_mobile_height": true,
        "mobile_height": "300",
        "overlay_opacity": 10,
        "enable_zoom_animation": true,
        "bg_color": "#f4f3f1",
        "gradient": "",
        "text_color": "text-dark",
        "text_width": "normal",
        "width": "wrapper--full",
        "padding_top": 20,
        "padding_bottom": 20
      }
    },
    "section-text-0": {
      "type": "section-text",
      "blocks": {
        "section-text-0-block-0": {
          "type": "subheading",
          "settings": {
            "text": "<p>Subheading</p>",
            "size": 100,
            "margin_bottom": 16
          }
        },
        "section-text-0-block-1": {
          "type": "heading",
          "settings": {
            "text": "<p>Shop by Category</p>",
            "size": 120,
            "heading_highlight_type": "italics",
            "highlight_color": "#000000",
            "highlight_text_color": "rgba(0,0,0,0)"
          }
        }
      },
      "block_order": [
        "section-text-0-block-0",
        "section-text-0-block-1"
      ],
      "settings": {
        "text_position": "center",
        "bg_color_secondary": false,
        "text_color": "text-dark",
        "width": "wrapper--narrow",
        "padding_top": 50,
        "padding_bottom": 0
      }
    },
    "section-grid-0": {
      "type": "section-grid",
      "blocks": {
        "section-grid-0-block-0": {
          "type": "image",
          "settings": {
            "width": "25",
            "overlay_opacity": 10,
            "text_position": "bottom-left",
            "subheading": "",
            "title": "Trending",
            "text": "Add more info or delete this text",
            "button_1_text": "Shop Now",
            "button_1_link": "",
            "button_2_text": "",
            "button_2_link": "",
            "overlay_text_color": "text-light"
          }
        },
        "section-grid-0-block-1": {
          "type": "image",
          "settings": {
            "width": "25",
            "overlay_opacity": 10,
            "text_position": "bottom-left",
            "subheading": "",
            "title": "Clearance",
            "text": "Add more info or delete this text",
            "button_1_text": "Shop Now",
            "button_1_link": "",
            "button_2_text": "",
            "button_2_link": "",
            "overlay_text_color": "text-light"
          }
        },
        "section-grid-0-block-2": {
          "type": "image",
          "settings": {
            "width": "25",
            "overlay_opacity": 10,
            "text_position": "bottom-left",
            "subheading": "",
            "title": "Sale",
            "text": "Add more info or delete this text",
            "button_1_text": "Shop Now",
            "button_1_link": "",
            "button_2_text": "",
            "button_2_link": "",
            "overlay_text_color": "text-light"
          }
        },
        "section-grid-0-block-3": {
          "type": "image",
          "settings": {
            "width": "25",
            "overlay_opacity": 10,
            "text_position": "bottom-left",
            "subheading": "",
            "title": "New",
            "text": "Add more info or delete this text",
            "button_1_text": "Shop Now",
            "button_1_link": "",
            "button_2_text": "",
            "button_2_link": "",
            "overlay_text_color": "text-light"
          }
        }
      },
      "block_order": [
        "section-grid-0-block-0",
        "section-grid-0-block-1",
        "section-grid-0-block-2",
        "section-grid-0-block-3"
      ],
      "settings": {
        "desktop_height": "five-fifty-height",
        "enable_mobile_height": true,
        "mobile_height": "three-fifty-height-mobile",
        "heading_size": 110,
        "button_1_color": "btn--white",
        "button_1_style": "btn--text",
        "button_1_size": "btn--small",
        "button_2_color": "btn--black",
        "button_2_style": "btn--text",
        "button_2_size": "btn--small",
        "bg_color_secondary": false,
        "enable_slider_mobile": false,
        "columns_mobile": "2",
        "overlay_text": false,
        "width": "wrapper--full-padded",
        "add_gutter": true,
        "padding_top": 20,
        "padding_bottom": 50
      }
    },
    "section-marquee-0": {
      "type": "section-marquee",
      "blocks": {
        "section-marquee-0-block-1": {
          "type": "text",
          "settings": {
            "text": "<p>New collections just released - <a href=\"/collections\" title=\"All collections\">Shop now</a></p>",
            "text_color": "",
            "heading_highlight_type": "circle",
            "highlight_color": "#d43747",
            "highlight_text_color": "#000000",
            "icon_name": "none",
            "icon_color": "",
            "icon_width": 25,
            "target_device_enabled": false,
            "target_device": "mobile"
          }
        },
        "section-marquee-0-block-2": {
          "type": "text",
          "settings": {
            "text": "<p>Use code <strong>TENOFF</strong> for 10% off first purchase</p>",
            "text_color": "",
            "heading_highlight_type": "circle",
            "highlight_color": "#d43747",
            "highlight_text_color": "#000000",
            "icon_name": "none",
            "icon_color": "",
            "icon_width": 25,
            "target_device_enabled": false,
            "target_device": "mobile"
          }
        }
      },
      "block_order": [
        "section-marquee-0-block-1",
        "section-marquee-0-block-2"
      ],
      "settings": {
        "layout": "marquee",
        "show_top_border": false,
        "show_bottom_border": false,
        "padding": 10,
        "marquee_speed": 100,
        "direction": "ticker-ltr",
        "slider_speed": 7,
        "show_arrows": false,
        "text_caps": false,
        "type_style": "subheading-text",
        "text_size": 120,
        "letter_spacing": 0,
        "message_spacing": 10,
        "bg_color": "#f4f3f1",
        "gradient": "",
        "color": "#000000",
        "border_color": "#000000",
        "padding_top": 0,
        "padding_bottom": 0
      }
    },
    "section-promotion-row-0": {
      "type": "section-promotion-row",
      "blocks": {
        "section-promotion-row-0-block-1": {
          "type": "column",
          "settings": {
            "subheading": "<p>IN-STORE AND ONLINE</p>",
            "subheading_size": 75,
            "heading": "<p>20% OFF</p>",
            "heading_highlight_type": "italics",
            "highlight_color": "#ffffff",
            "highlight_text_color": "#000000",
            "heading_size": 295,
            "description": "Share details about the promotion",
            "description_size": 100,
            "disclaimer": "*Use this text for a disclaimer.",
            "disclaimer_size": 75,
            "button_text": "",
            "button_link": "",
            "button_color": "btn--black",
            "button_style": "btn--solid",
            "button_size": "btn--small",
            "bg_color": "",
            "gradient_background": "",
            "text_color": "#ffffff",
            "overlay_opacity": 10
          }
        },
        "section-promotion-row-0-block-2": {
          "type": "column",
          "settings": {
            "subheading": "<p>For a limited time</p>",
            "subheading_size": 75,
            "heading": "<p><em>FREE PRODUCT</em></p>",
            "heading_highlight_type": "underline-hand-drawn",
            "highlight_color": "#ffffff",
            "highlight_text_color": "#ffffff",
            "heading_size": 160,
            "description": "With every purchase over $99",
            "description_size": 80,
            "disclaimer": "",
            "disclaimer_size": 75,
            "button_text": "",
            "button_link": "",
            "button_color": "btn--black",
            "button_style": "btn--solid",
            "button_size": "btn--small",
            "bg_color": "",
            "gradient_background": "",
            "text_color": "#ffffff",
            "overlay_opacity": 50
          }
        }
      },
      "block_order": [
        "section-promotion-row-0-block-1",
        "section-promotion-row-0-block-2"
      ],
      "settings": {
        "layout": "1",
        "count_up_enabled": true,
        "count_up_duration": 100,
        "height": "400",
        "enable_mobile_height": true,
        "mobile_height": "400",
        "bg_color": "#f4f3f1",
        "enable_slider_mobile": false,
        "columns_mobile": "1",
        "width": "wrapper--full-padded",
        "padding_top": 20,
        "padding_bottom": 20
      }
    },
    "section-marquee-1": {
      "type": "section-marquee",
      "blocks": {
        "section-marquee-1-block-1": {
          "type": "text",
          "settings": {
            "text": "<p>New collections just released - <a href=\"/collections\" title=\"All collections\">Shop now</a></p>",
            "text_color": "",
            "heading_highlight_type": "circle",
            "highlight_color": "#d43747",
            "highlight_text_color": "#000000",
            "icon_name": "none",
            "icon_color": "",
            "icon_width": 25,
            "target_device_enabled": false,
            "target_device": "mobile"
          }
        },
        "section-marquee-1-block-2": {
          "type": "text",
          "settings": {
            "text": "<p>Use code <strong>TENOFF</strong> for 10% off first purchase</p>",
            "text_color": "",
            "heading_highlight_type": "circle",
            "highlight_color": "#d43747",
            "highlight_text_color": "#000000",
            "icon_name": "none",
            "icon_color": "",
            "icon_width": 25,
            "target_device_enabled": false,
            "target_device": "mobile"
          }
        }
      },
      "block_order": [
        "section-marquee-1-block-1",
        "section-marquee-1-block-2"
      ],
      "settings": {
        "layout": "marquee",
        "show_top_border": false,
        "show_bottom_border": false,
        "padding": 10,
        "marquee_speed": 100,
        "direction": "ticker-rtl",
        "slider_speed": 7,
        "show_arrows": false,
        "text_caps": false,
        "type_style": "subheading-text",
        "text_size": 120,
        "letter_spacing": 0,
        "message_spacing": 10,
        "bg_color": "#f4f3f1",
        "gradient": "",
        "color": "#000000",
        "border_color": "#000000",
        "padding_top": 0,
        "padding_bottom": 0
      }
    },
    "section-collection-0": {
      "type": "section-collection",
      "blocks": {
        "section-collection-0-block-0": {
          "type": "promo",
          "disabled": true,
          "settings": {
            "position": 1,
            "width": "half",
            "title": "<p>Promotion title</p>",
            "heading_highlight_type": "circle",
            "highlight_color": "rgba(0,0,0,0)",
            "highlight_text_color": "#000000",
            "heading_size": 100,
            "content": "Advertise a promotion or a sale",
            "text_size": 100,
            "text_color": "text-dark",
            "text_position": "bottom-left",
            "layout": "stacked",
            "overlay_opacity": 10,
            "bg_color": "#f7f7f7",
            "button_text": "",
            "button_link": "",
            "button_color": "btn--white",
            "button_style": "btn--solid-border",
            "button_size": "btn--small"
          }
        }
      },
      "block_order": [
        "section-collection-0-block-0"
      ],
      "settings": {
        "collection": "",
        "products_layout": "carousel",
        "number_of_products": 8,
        "products_per_row_on_desktop": 4,
        "columns_mobile": "2",
        "text_alignment": "text-left",
        "title": "<p>Best Sellers</p>",
        "heading_highlight_type": "underline-hand-drawn",
        "highlight_color": "#000000",
        "highlight_text_color": "rgba(0,0,0,0)",
        "heading_size": 175,
        "text": "<p>Use this text to share information about your collection with your customers.</p>",
        "text_size": 100,
        "button_position": "top",
        "button_text": "Shop now",
        "button_color": "btn--black",
        "button_style": "btn--solid",
        "button_size": "btn--large",
        "bg_color_secondary": false,
        "enable_slider_mobile": false,
        "width": "wrapper--full-padded",
        "padding_top": 80,
        "padding_bottom": 80
      }
    },
    "section-sticky-image-cards-0": {
      "type": "section-sticky-image-cards",
      "blocks": {
        "section-sticky-image-cards-0-block-0": {
          "type": "card",
          "settings": {
            "subheading": "Our latest obsessions",
            "title": "<p>We believe that fashion should be stylish, affordable and accessible to everyone.</p>",
            "heading_size": 160,
            "truncate_text": true,
            "heading_length": 15,
            "button_text": "Shop now",
            "button_link": "",
            "button_color": "btn--black",
            "button_style": "btn--solid",
            "button_size": "btn--small"
          }
        },
        "section-sticky-image-cards-0-block-1": {
          "type": "card",
          "settings": {
            "subheading": "",
            "title": "<p>Sustainable trends you'll love! Our mission is to empower people through sustainable fashion.</p>",
            "heading_size": 160,
            "truncate_text": true,
            "heading_length": 15,
            "button_text": "Learn more",
            "button_link": "",
            "button_color": "btn--black",
            "button_style": "btn--solid",
            "button_size": "btn--small"
          }
        },
        "section-sticky-image-cards-0-block-2": {
          "type": "card",
          "settings": {
            "subheading": "Summer 2024",
            "title": "<p>Our latest lookbook has dropped and is ready to shop. Elevate your style now!</p>",
            "heading_size": 160,
            "truncate_text": true,
            "heading_length": 15,
            "button_text": "View lookbook",
            "button_link": "",
            "button_color": "btn--black",
            "button_style": "btn--solid",
            "button_size": "btn--small"
          }
        }
      },
      "block_order": [
        "section-sticky-image-cards-0-block-0",
        "section-sticky-image-cards-0-block-1",
        "section-sticky-image-cards-0-block-2"
      ],
      "settings": {
        "text_alignment": "left",
        "image_position": "",
        "aspect_ratio_desktop": 1.5,
        "aspect_ratio_mobile": 1,
        "layout_mobile": "sticky",
        "text_color": "text-dark",
        "bg_color": "#f4f3f1",
        "width": "wrapper--full-padded",
        "padding_top": 100,
        "padding_bottom": 100
      }
    },
    "section-testimonials-with-images-0": {
      "type": "section-testimonials-with-images",
      "blocks": {
        "section-testimonials-with-images-0-block-0": {
          "type": "testimonial",
          "settings": {
            "star_rating": 5,
            "enable_border": true,
            "heading": "Love it!",
            "text_size": 125,
            "text": "<p>Excellent customer service. I love their products!</p>",
            "customer_name": "John Edmonson",
            "subheading": "<p>Happy customer</p>"
          }
        },
        "section-testimonials-with-images-0-block-1": {
          "type": "image",
          "settings": {
            "star_rating": 5,
            "enable_border": false,
            "aspect_ratio": 0.8,
            "heading": "Love it!",
            "text_size": 125,
            "customer_name": "John Edmonson",
            "block_color": "",
            "text_color": "text-dark"
          }
        },
        "section-testimonials-with-images-0-block-2": {
          "type": "testimonial",
          "settings": {
            "star_rating": 5,
            "enable_border": true,
            "heading": "Love it!",
            "text_size": 125,
            "text": "<p>Excellent customer service. I love their products!</p>",
            "customer_name": "Eric Lopez",
            "subheading": "<p>12 days ago</p>"
          }
        },
        "section-testimonials-with-images-0-block-3": {
          "type": "image",
          "settings": {
            "star_rating": 5,
            "enable_border": false,
            "aspect_ratio": 0.8,
            "heading": "Love it!",
            "text_size": 125,
            "customer_name": "John Edmonson",
            "block_color": "",
            "text_color": "text-dark"
          }
        },
        "section-testimonials-with-images-0-block-4": {
          "type": "testimonial",
          "settings": {
            "star_rating": 5,
            "enable_border": true,
            "heading": "Love it!",
            "text_size": 125,
            "text": "<p>Excellent customer service. I love their products!</p>",
            "customer_name": "Dmitri Kristov",
            "subheading": "<p>Verified customer</p>"
          }
        },
        "section-testimonials-with-images-0-block-5": {
          "type": "image",
          "settings": {
            "star_rating": 5,
            "enable_border": false,
            "aspect_ratio": 0.8,
            "heading": "Love it!",
            "text_size": 125,
            "customer_name": "John Edmonson",
            "block_color": "",
            "text_color": "text-dark"
          }
        },
        "section-testimonials-with-images-0-block-6": {
          "type": "testimonial",
          "settings": {
            "star_rating": 5,
            "enable_border": true,
            "heading": "Love it!",
            "text_size": 125,
            "text": "<p>Excellent customer service. I love their products!</p>",
            "customer_name": "John Edmonson",
            "subheading": "<p>Loyal Customer</p>"
          }
        },
        "section-testimonials-with-images-0-block-7": {
          "type": "image",
          "settings": {
            "star_rating": 5,
            "enable_border": false,
            "aspect_ratio": 0.8,
            "heading": "Love it!",
            "text_size": 125,
            "customer_name": "John Edmonson",
            "block_color": "",
            "text_color": "text-dark"
          }
        }
      },
      "block_order": [
        "section-testimonials-with-images-0-block-0",
        "section-testimonials-with-images-0-block-1",
        "section-testimonials-with-images-0-block-2",
        "section-testimonials-with-images-0-block-3",
        "section-testimonials-with-images-0-block-4",
        "section-testimonials-with-images-0-block-5",
        "section-testimonials-with-images-0-block-6",
        "section-testimonials-with-images-0-block-7"
      ],
      "settings": {
        "subheading": "",
        "subheading_size": 100,
        "title": "We love customer reviews!",
        "heading_size": 140,
        "text_alignment": "text-left",
        "bg_color": "#f4f3f1",
        "testimonial_block_color": "#ffffff",
        "star_color": "",
        "testimonial_text_color": "text-dark",
        "width": "wrapper--full-padded",
        "padding_top": 60,
        "padding_bottom": 60
      }
    },
    "section-overlapping-images-0": {
      "type": "section-overlapping-images",
      "settings": {
        "text_position": "right",
        "text_alignment": "left",
        "images_width": 750,
        "images_offset": 115,
        "image_link_1": "",
        "image_link_2": "",
        "hide_image_2": false,
        "title": "<p>Our Story, Our <em>Promise</em></p>",
        "heading_highlight_type": "circle-hand-drawn",
        "highlight_color": "#000000",
        "highlight_text_color": "#000000",
        "description": "<p>Use this text to describe a product, promotion, or your company.</p>",
        "heading_size": 110,
        "button_text": "Button text",
        "button_link": "",
        "button_color": "btn--black",
        "button_style": "btn--text",
        "button_size": "btn--large",
        "video_text": "",
        "video_link": "",
        "bg_color_secondary": false,
        "gradient": "linear-gradient(180deg, rgba(244, 243, 241, 1), rgba(255, 255, 255, 1) 100%)",
        "animation": "horizontal",
        "animation_intensity": 50,
        "width": "wrapper--full-padded",
        "padding_top": 60,
        "padding_bottom": 100
      }
    },
    "section-marquee-2": {
      "type": "section-marquee",
      "blocks": {
        "section-marquee-2-block-0": {
          "type": "text",
          "settings": {
            "text": "<p>New collections just released - <a href=\"/collections\" title=\"All collections\">Shop now</a></p>",
            "text_color": "",
            "heading_highlight_type": "circle",
            "highlight_color": "#d43747",
            "highlight_text_color": "#000000",
            "icon_name": "none",
            "icon_color": "",
            "icon_width": 25,
            "target_device_enabled": false,
            "target_device": "mobile"
          }
        },
        "section-marquee-2-block-1": {
          "type": "image",
          "settings": {
            "link": "",
            "image_width": 160
          }
        },
        "section-marquee-2-block-2": {
          "type": "text",
          "settings": {
            "text": "<p>Use code <strong>TENOFF</strong> for 10% off first purchase</p>",
            "text_color": "",
            "heading_highlight_type": "circle",
            "highlight_color": "#d43747",
            "highlight_text_color": "#000000",
            "icon_name": "none",
            "icon_color": "",
            "icon_width": 25,
            "target_device_enabled": false,
            "target_device": "mobile"
          }
        },
        "section-marquee-2-block-3": {
          "type": "image",
          "settings": {
            "link": "",
            "image_width": 160
          }
        }
      },
      "block_order": [
        "section-marquee-2-block-0",
        "section-marquee-2-block-1",
        "section-marquee-2-block-2",
        "section-marquee-2-block-3"
      ],
      "settings": {
        "layout": "marquee",
        "show_top_border": true,
        "show_bottom_border": true,
        "padding": 50,
        "marquee_speed": 100,
        "direction": "ticker-ltr",
        "slider_speed": 7,
        "show_arrows": false,
        "text_caps": false,
        "type_style": "subheading-text",
        "text_size": 200,
        "letter_spacing": 0,
        "message_spacing": 20,
        "bg_color": "#ffffff",
        "gradient": "",
        "color": "#545454",
        "border_color": "#000000",
        "padding_top": 0,
        "padding_bottom": 0
      }
    },
    "section-grid-1": {
      "type": "section-grid",
      "blocks": {
        "section-grid-1-block-0": {
          "type": "image",
          "settings": {
            "width": "50",
            "overlay_opacity": 10,
            "text_position": "bottom-left",
            "subheading": "Introducing",
            "title": "Best Sellers",
            "text": "Add more info or delete this text",
            "button_1_text": "Shop Now",
            "button_1_link": "",
            "button_2_text": "",
            "button_2_link": "",
            "overlay_text_color": "text-light"
          }
        },
        "section-grid-1-block-1": {
          "type": "image",
          "settings": {
            "width": "50",
            "overlay_opacity": 10,
            "text_position": "bottom-left",
            "subheading": "Introducing",
            "title": "New Arrivals",
            "text": "Add more info or delete this text",
            "button_1_text": "Shop Now",
            "button_1_link": "",
            "button_2_text": "",
            "button_2_link": "",
            "overlay_text_color": "text-light"
          }
        }
      },
      "block_order": [
        "section-grid-1-block-0",
        "section-grid-1-block-1"
      ],
      "settings": {
        "desktop_height": "six-fifty-height",
        "enable_mobile_height": true,
        "mobile_height": "four-fifty-height-mobile",
        "heading_size": 150,
        "button_1_color": "btn--white",
        "button_1_style": "btn--solid",
        "button_1_size": "btn--small",
        "button_2_color": "btn--black",
        "button_2_style": "btn--text",
        "button_2_size": "btn--small",
        "bg_color_secondary": false,
        "enable_slider_mobile": false,
        "columns_mobile": "1",
        "overlay_text": true,
        "width": "wrapper--full-padded",
        "add_gutter": true,
        "padding_top": 100,
        "padding_bottom": 100
      }
    },
    "section-look-0": {
      "type": "section-look",
      "blocks": {
        "section-look-0-block-0": {
          "type": "product",
          "settings": {
            "product": "",
            "position_x_desktop": 31,
            "position_y_desktop": 41,
            "info_bubbles_position_desktop": 55,
            "position_x_mobile": 21,
            "position_y_mobile": 42,
            "info_bubbles_position_mobile": 5
          }
        },
        "section-look-0-block-1": {
          "type": "product",
          "settings": {
            "product": "",
            "position_x_desktop": 69,
            "position_y_desktop": 46,
            "info_bubbles_position_desktop": 5,
            "position_x_mobile": 75,
            "position_y_mobile": 45,
            "info_bubbles_position_mobile": 30
          }
        },
        "section-look-0-block-2": {
          "type": "product",
          "settings": {
            "product": "",
            "position_x_desktop": 43,
            "position_y_desktop": 70,
            "info_bubbles_position_desktop": 25,
            "position_x_mobile": 39,
            "position_y_mobile": 66,
            "info_bubbles_position_mobile": 25
          }
        }
      },
      "block_order": [
        "section-look-0-block-0",
        "section-look-0-block-1",
        "section-look-0-block-2"
      ],
      "settings": {
        "products_on_row": 2,
        "image_position": "is-reversed",
        "enable_aspect_ratio": true,
        "main_image_aspect_ratio": 1,
        "title": "Shop the Look",
        "text": "<p>Our most popular looks of the season</p>",
        "text_alignment": "text-left",
        "show_hotspots": true,
        "show_arrow": true,
        "popup_heading": "Shop the Look",
        "show_free_shipping_message": true,
        "content_color": "text-dark",
        "hotspot_color": "",
        "bg_color": "#ffffff",
        "gradient": "",
        "hotspot_contents_text_color": "text-dark",
        "hotspot_contents_bg_color": "#ffffff",
        "width": "wrapper",
        "padding_top": 60,
        "padding_bottom": 60
      }
    },
    "section-press-0": {
      "type": "section-press",
      "blocks": {
        "section-press-0-block-0": {
          "type": "press",
          "settings": {
            "text": "<p>Provide some information about what the company below thinks about your brand.</p>",
            "link": "",
            "logo_width": 80
          }
        },
        "section-press-0-block-1": {
          "type": "press",
          "settings": {
            "text": "<p>Provide some information about what the company below thinks about your brand.</p>",
            "link": "",
            "logo_width": 80
          }
        },
        "section-press-0-block-2": {
          "type": "press",
          "settings": {
            "text": "<p>Provide some information about what the company below thinks about your brand.</p>",
            "link": "",
            "logo_width": 80
          }
        }
      },
      "block_order": [
        "section-press-0-block-0",
        "section-press-0-block-1",
        "section-press-0-block-2"
      ],
      "settings": {
        "title": "Press",
        "show_quotations": true,
        "show_rounded_corners": false,
        "logo_opacity": 50,
        "autoplay": true,
        "duration": 4,
        "bg_color_secondary": false,
        "width": "wrapper--narrow",
        "padding_top": 60,
        "padding_bottom": 60
      }
    },
    "section-banner-text-columns-0": {
      "type": "section-banner-text-columns",
      "blocks": {
        "section-banner-text-columns-0-block-0": {
          "type": "column",
          "settings": {
            "overlay_opacity": 10,
            "subheading": "Add a subheading",
            "heading": "Add a heading",
            "text": "",
            "button_text": "",
            "button_link": ""
          }
        },
        "section-banner-text-columns-0-block-1": {
          "type": "column",
          "settings": {
            "overlay_opacity": 10,
            "subheading": "Add a subheading",
            "heading": "Add a heading",
            "text": "",
            "button_text": "",
            "button_link": ""
          }
        },
        "section-banner-text-columns-0-block-2": {
          "type": "column",
          "settings": {
            "overlay_opacity": 10,
            "subheading": "Add a subheading",
            "heading": "Add a heading",
            "text": "",
            "button_text": "",
            "button_link": ""
          }
        }
      },
      "block_order": [
        "section-banner-text-columns-0-block-0",
        "section-banner-text-columns-0-block-1",
        "section-banner-text-columns-0-block-2"
      ],
      "settings": {
        "appearance": "columns",
        "content_alignment": "center",
        "text_alignment": "text-center",
        "section_height": "six-fifty-height",
        "enable_mobile_height": true,
        "mobile_section_height": "five-fifty-height-mobile",
        "text_color": "text-light",
        "button_color": "btn--white",
        "button_style": "btn--text",
        "button_size": "btn--small",
        "show_single_image": false,
        "heading_size": 100,
        "width": "wrapper",
        "padding_top": 0,
        "padding_bottom": 0
      }
    },
    "section-newsletter-0": {
      "type": "section-newsletter",
      "settings": {
        "flex_align": "align--middle-split",
        "text_color": "text-dark",
        "title": "Sign up for our newsletter",
        "text": "<p>Sign up for exclusive deals and early access to new products.</p>",
        "extra_fields": "name",
        "button_text": "",
        "bg_color": "",
        "image_height": "three-fifty-height",
        "overlay_opacity": 10,
        "width": "wrapper",
        "padding_top": 80,
        "padding_bottom": 80
      }
    },
    "section-icons-row-0": {
      "type": "section-icons-row",
      "blocks": {
        "section-icons-row-0-block-0": {
          "type": "text",
          "settings": {
            "icon_name": "none",
            "title": "Free Shipping",
            "text": "<p>on all order over $99</p>"
          }
        },
        "section-icons-row-0-block-1": {
          "type": "text",
          "settings": {
            "icon_name": "none",
            "title": "Free Returns",
            "text": "<p>within 30 days of purchase</p>"
          }
        },
        "section-icons-row-0-block-2": {
          "type": "text",
          "settings": {
            "icon_name": "none",
            "title": "1% Donated",
            "text": "<p>to forest conservation</p>"
          }
        }
      },
      "block_order": [
        "section-icons-row-0-block-0",
        "section-icons-row-0-block-1",
        "section-icons-row-0-block-2"
      ],
      "settings": {
        "heading": "",
        "subheading": "",
        "alignment": "center",
        "columns": 3,
        "icons_width": 20,
        "show_vertical_borders": true,
        "show_horizontal_borders": true,
        "heading_size": 100,
        "text_size": 90,
        "bg_color": "#f4f3f1",
        "text_color": "#000000",
        "box_color": "",
        "color_border": "#333333",
        "button_text": "",
        "button_link": "",
        "button_color": "btn--black",
        "button_style": "btn--solid",
        "button_size": "btn--small",
        "layout_mobile": "grid",
        "width": "wrapper",
        "padding_top": 20,
        "padding_bottom": 20
      }
    }
  },
  "order": [
    "section-slideshow-0",
    "section-countdown-0",
    "section-text-0",
    "section-grid-0",
    "section-marquee-0",
    "section-promotion-row-0",
    "section-marquee-1",
    "section-collection-0",
    "section-sticky-image-cards-0",
    "section-testimonials-with-images-0",
    "section-overlapping-images-0",
    "section-marquee-2",
    "section-grid-1",
    "section-look-0",
    "section-press-0",
    "section-banner-text-columns-0",
    "section-newsletter-0",
    "section-icons-row-0"
  ]
}