{"sections":{"slideshow":{"type":"section-slideshow","blocks":{"slideshow-0":{"type":"image","settings":{"overlay_opacity":10,"text_width":"normal","text_position":"center","text_color":"text-light","subheading":"","title":"<p>Our Story<\/p>","text":"Add more info or delete this text","button_1_text":"","button_1_link":"","button_1_color":"btn--white","button_1_style":"btn--solid-border","button_1_size":"btn--large","button_2_text":"","button_2_link":"","button_2_color":"btn--black","button_2_style":"btn--solid","button_2_size":"btn--large","video_text":"","video_link":""}}},"block_order":["slideshow-0"],"settings":{"slide_height":"six-fifty-height","enable_mobile_height":false,"mobile_slide_height":"five-fifty-height-mobile","show_nav_dots":true,"show_nav_arrows":true,"show_arrow_down":false,"autoplay":false,"duration":4,"transition":"fade","enable_zoom_animation":true,"heading_size":120}},"cdb3be2a-9d5e-47f0-9431-04f739f3c7cc":{"type":"section-image-with-text","settings":{"section_height":"six-fifty-height","layout":"inline","image_location":"left","image_width":"standard","subheading":"","title":"<p>Everything's on sale<\/p>","heading_highlight_type":"circle","highlight_color":"#D43747","heading_size":130,"content":"<p>Share details about a promotion, welcome customers, describe a product, or talk about your brand.<\/p>","text_alignment":"left","button_text":"Button text","button_link":"","button_color":"btn--black","button_style":"btn--solid","button_size":"btn--small","video_link":"","text_color":"text-dark","bg_color":"","section_width":"wrapper","padding_top":60,"padding_bottom":60}},"text":{"type":"section-text","blocks":{"subheading":{"type":"subheading","settings":{"text":"<p>Subheading<\/p>","size":100,"margin_bottom":16}},"heading":{"type":"heading","settings":{"text":"<p>Our Story<\/p>","size":100,"heading_highlight_type":"italics","highlight_color":"#D43747"}},"text":{"type":"text","settings":{"text":"<p>Use this text to share information about your brand with your customers. Describe a product, share announcements, or welcome customers to your store.<\/p>","size":100}},"button":{"type":"button","settings":{"button_text":"Read More","button_link":"","button_color":"btn--black","button_style":"btn--solid","button_size":"btn--small"}}},"block_order":["subheading","heading","text","button"],"settings":{"text_position":"center","bg_color_secondary":false,"text_color":"text-dark","width":"wrapper--narrow","padding_top":60,"padding_bottom":60}},"columns":{"type":"section-columns","blocks":{"column-0":{"type":"text_block","settings":{"title":"Add a title or tagline","text":"<p>Use this text to describe products, share details on availability and style, or as a space to display recent reviews or FAQs.<\/p>","button_text":"","button_link":"","button_color":"btn--black","button_style":"btn--text","button_size":"btn--small","video_link_popup":"","video_link_color":"text-dark"}},"column-1":{"type":"text_block","settings":{"title":"Add a title or tagline","text":"<p>Use this text to describe products, share details on availability and style, or as a space to display recent reviews or FAQs.<\/p>","button_text":"","button_link":"","button_color":"btn--black","button_style":"btn--text","button_size":"btn--small","video_link_popup":"","video_link_color":"text-dark"}},"column-2":{"type":"text_block","settings":{"title":"Add a title or tagline","text":"<p>Use this text to describe products, share details on availability and style, or as a space to display recent reviews or FAQs.<\/p>","button_text":"","button_link":"","button_color":"btn--black","button_style":"btn--text","button_size":"btn--small","video_link_popup":"","video_link_color":"text-dark"}},"column-3":{"type":"text_block","settings":{"title":"Add a title or tagline","text":"<p>Use this text to describe products, share details on availability and style, or as a space to display recent reviews or FAQs.<\/p>","button_text":"","button_link":"","button_color":"btn--black","button_style":"btn--text","button_size":"btn--small","video_link_popup":"","video_link_color":"text-dark"}}},"block_order":["column-0","column-1","column-2","column-3"],"settings":{"title":"","align_text":"text-left","columns":3,"show_images":true,"equalize_height":true,"heading_size":120,"text_size":100,"bg_color_secondary":false,"width":"wrapper","padding_top":60,"padding_bottom":60}},"909772ff-e663-4f4f-9da8-7ede957325bf":{"type":"section-image-with-text","settings":{"section_height":"six-fifty-height","layout":"inline","image_location":"right","image_width":"standard","subheading":"","title":"<p>Everything's on sale<\/p>","heading_highlight_type":"circle","highlight_color":"#D43747","heading_size":130,"content":"<p>Share details about a promotion, welcome customers, describe a product, or talk about your brand.<\/p>","text_alignment":"left","button_text":"Button text","button_link":"","button_color":"btn--black","button_style":"btn--solid","button_size":"btn--small","video_link":"","text_color":"text-dark","bg_color":"","section_width":"wrapper","padding_top":60,"padding_bottom":60}},"f9132c5c-9f15-4676-8086-613d0304f488":{"type":"section-collection","settings":{"collection":"","products_layout":"carousel","number_of_products":8,"columns_mobile":"2","text_alignment":"text-left","title":"<p>Best Sellers<\/p>","heading_size":100,"text":"<p>Use this text to share information about your collection with your customers.<\/p>","text_size":100,"button_text":"","button_color":"btn--black","button_style":"btn--text","button_size":"btn--large","bg_color_secondary":false,"enable_slider_mobile":true,"width":"wrapper--full-padded","padding_top":60,"padding_bottom":60}},"51e7d4e9-f6b0-466d-bd09-84d7da4cdcb5":{"type":"section-icons-row","blocks":{"template--18952593965377__51e7d4e9-f6b0-466d-bd09-84d7da4cdcb5-1683134998a2f033f1-0":{"type":"text","settings":{"icon_name":"truck","title":"Free Shipping","text":"<p>on all order over $99<\/p>"}},"template--18952593965377__51e7d4e9-f6b0-466d-bd09-84d7da4cdcb5-1683134998a2f033f1-1":{"type":"text","settings":{"icon_name":"check","title":"Free Returns","text":"<p>within 30 days of purchase<\/p>"}},"template--18952593965377__51e7d4e9-f6b0-466d-bd09-84d7da4cdcb5-1683134998a2f033f1-2":{"type":"text","settings":{"icon_name":"eco-friendly","title":"1% Donated Annually","text":"<p>to forest conservation<\/p>"}}},"block_order":["template--18952593965377__51e7d4e9-f6b0-466d-bd09-84d7da4cdcb5-1683134998a2f033f1-0","template--18952593965377__51e7d4e9-f6b0-466d-bd09-84d7da4cdcb5-1683134998a2f033f1-1","template--18952593965377__51e7d4e9-f6b0-466d-bd09-84d7da4cdcb5-1683134998a2f033f1-2"],"settings":{"heading":"","subheading":"","alignment":"center","columns":3,"icons_width":30,"bg_color":"","text_color":"#333","box_color":"","button_text":"","button_link":"","button_color":"btn--black","button_style":"btn--solid","button_size":"btn--small","padding_top":60,"padding_bottom":60}},"main":{"type":"main-page","disabled":true,"settings":{"show_page_title":true,"bg_color_secondary":false,"padding_top":60,"padding_bottom":60}}},"order":["slideshow","cdb3be2a-9d5e-47f0-9431-04f739f3c7cc","text","columns","909772ff-e663-4f4f-9da8-7ede957325bf","f9132c5c-9f15-4676-8086-613d0304f488","51e7d4e9-f6b0-466d-bd09-84d7da4cdcb5","main"]}