{"sections":{"main":{"type":"product","blocks":{"title":{"type":"title","settings":{"subheading":"breadcrumbs","padding_bottom":20}},"inventory_countdown":{"type":"inventory_countdown","settings":{"max_inventory":10,"hide_inventory_count":true,"padding_bottom":20}},"form":{"type":"form","settings":{"show_labels":true,"show_quantity":false,"show_payment_button":true,"enable_subscriptions_selectors":true,"padding_bottom":20}},"description":{"type":"description","settings":{"padding_bottom":20}},"7ddd2db6-1d92-43ee-a7d9-e786662f9ced":{"type":"icon","settings":{"icon_name":"eco-friendly","icon_color":"","icon_width":20,"icon_text":"Highlight or Feature","text_size":90,"width":"full","text_alignment":"left","bg_color":"","padding_bottom":20}},"product_accordion":{"type":"product_accordion","settings":{"accordion_heading":"Materials and specs","accordion_text":"<p>Use this accordion to add info such as Materials, Sizing, Features, Shipping and Returns policies<\/p>","accordion_page":"","padding_bottom":10}},"9927e90d-2ecb-4104-af67-0dadf75b2a0a":{"type":"product_accordion","settings":{"accordion_heading":"Shipping and returns","accordion_text":"<p>Use this accordion to add info such as Materials, Sizing, Features, Shipping and Returns policies<\/p>","accordion_page":"","padding_bottom":10}},"a42f4e7d-6a8d-42a4-80af-29ec3b3b52d9":{"type":"feature","disabled":true,"settings":{"icon_name":"support","icon_width":25,"title":"Need help with sizing?","text":"<p>This content type will accept <strong>rich text<\/strong> to help with adding styles and links to additional pages or content. Use this to add supplementary information to help your buyers.<\/p>","bg_color":"#F7F9FA","text_color":"#000","padding_bottom":20}},"upsell":{"type":"upsell","settings":{"product_list":[],"padding_bottom":20}}},"block_order":["title","inventory_countdown","form","description","7ddd2db6-1d92-43ee-a7d9-e786662f9ced","product_accordion","9927e90d-2ecb-4104-af67-0dadf75b2a0a","a42f4e7d-6a8d-42a4-80af-29ec3b3b52d9","upsell"],"settings":{"product_sticky_enable":true,"image_layout":"grid","image_width":"large","product_image_aspect_ratio":true,"enable_zoom":true,"enable_video_looping":false,"bg_color":"","width":"wrapper","padding_top":60,"padding_bottom":60}},"overlapping-images-0":{"type":"section-overlapping-images","settings":{"text_position":"left","text_alignment":"left","images_width":750,"images_offset":60,"image_link_1":"","image_link_2":"","hide_image_2":false,"title":"<p>Our Story, Our Promise<\/p>","description":"<p>Use this text to describe a product, promotion, or your company.<\/p>","heading_size":100,"button_text":"","button_link":"","button_color":"btn--black","button_style":"btn--solid","button_size":"btn--small","video_text":"","video_link":"","bg_color_secondary":false,"width":"wrapper--full-padded","padding_top":60,"padding_bottom":60}},"38ff978b-66eb-4318-9ce0-94db8ff86311":{"type":"section-columns","blocks":{"template--18952594129217__38ff978b-66eb-4318-9ce0-94db8ff86311-1683126238ada0cf52-0":{"type":"text_block","settings":{"title":"Add a title or tagline","text":"<p>Use this text to describe products, share details on availability and style, or as a space to display recent reviews or FAQs.<\/p>","button_text":"Learn More","button_link":"","button_color":"btn--black","button_style":"btn--text","button_size":"btn--small","video_link_popup":"","video_link_color":"text-dark"}},"template--18952594129217__38ff978b-66eb-4318-9ce0-94db8ff86311-1683126238ada0cf52-1":{"type":"text_block","settings":{"title":"Add a title or tagline","text":"<p>Use this text to describe products, share details on availability and style, or as a space to display recent reviews or FAQs.<\/p>","button_text":"Learn More","button_link":"","button_color":"btn--black","button_style":"btn--text","button_size":"btn--small","video_link_popup":"","video_link_color":"text-dark"}},"template--18952594129217__38ff978b-66eb-4318-9ce0-94db8ff86311-1683126238ada0cf52-2":{"type":"text_block","settings":{"title":"Add a title or tagline","text":"<p>Use this text to describe products, share details on availability and style, or as a space to display recent reviews or FAQs.<\/p>","button_text":"Learn More","button_link":"","button_color":"btn--black","button_style":"btn--text","button_size":"btn--small","video_link_popup":"","video_link_color":"text-dark"}}},"block_order":["template--18952594129217__38ff978b-66eb-4318-9ce0-94db8ff86311-1683126238ada0cf52-0","template--18952594129217__38ff978b-66eb-4318-9ce0-94db8ff86311-1683126238ada0cf52-1","template--18952594129217__38ff978b-66eb-4318-9ce0-94db8ff86311-1683126238ada0cf52-2"],"settings":{"title":"","align_text":"text-left","columns":3,"show_images":true,"equalize_height":true,"heading_size":120,"text_size":100,"bg_color_secondary":false,"width":"wrapper","padding_top":60,"padding_bottom":60}},"tabs":{"type":"section-accordions","blocks":{"acordion-0":{"type":"text","settings":{"title":"Heading","text":"<p>Use this text block to discuss some commonly asked questions like shipping and returns, sizing, warranties, or product and company details.<\/p>"}},"acordion-1":{"type":"text","settings":{"title":"Heading","text":"<p>Use this text block to discuss some commonly asked questions like shipping and returns, sizing, warranties, or product and company details.<\/p>"}},"acordion-2":{"type":"text","settings":{"title":"Heading","text":"<p>Use this text block to discuss some commonly asked questions like shipping and returns, sizing, warranties, or product and company details.<\/p>"}},"d0defd0d-94c3-403c-bd36-dc2f140a104f":{"type":"text","settings":{"title":"Heading","text":"<p>Use this text block to discuss some commonly asked questions like shipping and returns, sizing, warranties, or product and company details.<\/p>"}}},"block_order":["acordion-0","acordion-1","acordion-2","d0defd0d-94c3-403c-bd36-dc2f140a104f"],"settings":{"layout":"two-columns","show_accordion_divider":false,"title":"Frequently Asked Questions","subheading":"","text":"","tabs_bg_color":"#fafafa","bg_color_secondary":false,"text_color":"text-dark","width":"wrapper","padding_top":60,"padding_bottom":60}},"related":{"type":"related-products","blocks":{"related":{"type":"related","settings":{}},"recent":{"type":"recent","settings":{}}},"block_order":["related","recent"],"settings":{"enable_tabs":true,"width":"wrapper--full-padded"}},"icons":{"type":"section-icons-row","blocks":{"icon-0":{"type":"text","settings":{"icon_name":"truck","title":"Free Shipping","text":"<p>on all order over $99<\/p>"}},"icon-1":{"type":"text","settings":{"icon_name":"check","title":"Free Returns","text":"<p>within 30 days of purchase<\/p>"}},"icon-2":{"type":"text","settings":{"icon_name":"eco-friendly","title":"1% Donated Annually","text":"<p>to forest conservation<\/p>"}}},"block_order":["icon-0","icon-1","icon-2"],"settings":{"heading":"","subheading":"","alignment":"center","columns":3,"icons_width":30,"bg_color":"","text_color":"#333333","box_color":"","button_text":"","button_link":"","button_color":"btn--black","button_style":"btn--solid","button_size":"btn--small","padding_top":60,"padding_bottom":60}}},"order":["main","overlapping-images-0","38ff978b-66eb-4318-9ce0-94db8ff86311","tabs","related","icons"]}