{
  "type": "header",
  "name": "Header",
  "sections": {
    "announcement-bar": {
      "type": "announcement-bar",
      "blocks": {
        "announcement-0": {
          "type": "text",
          "settings": {
            "text": "<p>New customers save 10% with code WELCOME10</p>",
            "text_color": "",
            "heading_highlight_type": "circle",
            "highlight_color": "#d43747",
            "highlight_text_color": "#000000",
            "icon_name": "none",
            "icon_color": "",
            "icon_width": 20,
            "target_url_enabled": false,
            "target_url": "",
            "target_referrer_enabled": false,
            "target_referrer": "",
            "target_device_enabled": false,
            "target_device": "mobile"
          }
        }
      },
      "block_order": [
        "announcement-0"
      ],
      "settings": {
        "layout": "marquee",
        "show_top_border": false,
        "show_bottom_border": true,
        "padding": 10,
        "slider_speed": 7,
        "show_arrows": false,
        "marquee_speed": 100,
        "direction": "ticker-ltr",
        "text_caps": false,
        "type_style": "subheading-text",
        "text_size": 125,
        "letter_spacing": 0,
        "message_spacing": 25,
        "bg_color": "#ffffff",
        "gradient": "",
        "color": "#000000",
        "border_color": "#000000"
      }
    },
    "header": {
      "type": "header",
      "blocks": {
        "image-0": {
          "type": "image",
          "settings": {
            "position": "1",
            "image_second_menu": false,
            "aspect_ratio": 1,
            "wide_image": false,
            "title": "",
            "heading_size": 100,
            "link_text": "",
            "link": ""
          }
        },
        "image-1": {
          "type": "image",
          "settings": {
            "position": "1",
            "image_second_menu": false,
            "aspect_ratio": 1,
            "wide_image": false,
            "title": "",
            "heading_size": 100,
            "link_text": "",
            "link": ""
          }
        },
        "image-2": {
          "type": "image",
          "settings": {
            "position": "1",
            "image_second_menu": false,
            "aspect_ratio": 1,
            "wide_image": false,
            "title": "",
            "heading_size": 100,
            "link_text": "",
            "link": ""
          }
        },
        "image-3": {
          "type": "image",
          "settings": {
            "position": "1",
            "image_second_menu": false,
            "aspect_ratio": 1,
            "wide_image": false,
            "title": "",
            "heading_size": 100,
            "link_text": "",
            "link": ""
          }
        }
      },
      "block_order": [
        "image-0",
        "image-1",
        "image-2",
        "image-3"
      ],
      "settings": {
        "sticky_header": false,
        "header_border": true,
        "link_hover_effect": "dot",
        "logo_not_home": "{{ shop.brand.logo }}",
        "logo_max_width": 100,
        "main-menu": "main-menu",
        "main_menu_secondary": "",
        "show_images": false,
        "image_aspect_ratio": 1,
        "menu_alignment": "left",
        "header_icons_as_text": false,
        "highlight_item": "Sale",
        "highlight_item_color": "#d02e2e",
        "header_transparent": false,
        "header_text_color": "white",
        "header_gradient": true
      }
    }
  },
  "order": [
    "announcement-bar",
    "header"
  ]
}